4894264616,174092818750,174092819100
4899432195,174097986232,174097986586
4904599685,174103153625,174103153978
4909767112,174108320956,174108321306
4914934733,174113488480,174113488816
4920102637,174118656287,174118656627
4925270192,174123823745,174123824097
4930438207,174128991663,174128992019
4935606257,174134159617,174134159967
4940774127,174139327390,174139327745
4945942185,174144495351,174144495708
4951110098,174149663167,174149663524
4956277685,174154830657,174154831017
4961445708,174159998584,174159998947
4966614413,174165167192,174165167327
4971782128,174170334810,174170335173
4976949619,174175502204,174175502564
4982117191,174180669680,174180670044
4987284725,174185837117,174185837482
4992452619,174191004914,174191005276
4997620660,174196172858,174196173221
5002788693,174201340794,174201341165
5007956207,174206508212,174206508565
5013123708,174211675616,174211675986
5018291105,174216842916,174216843282
5023458629,174222010343,174222010717
5028626629,174227178246,174227178620
5033794642,174232346163,174232346533
5038962218,174237513642,174237514012
5044131081,174242682408,174242682552
5049299301,174247850531,174247850675
5054467201,174253018334,174253018712
5059635185,174258186222,174258186598
5064803216,174263354156,174263354530
5069971200,174268522043,174268522422
5075139090,174273689836,174273690219
5080306596,174278857246,174278857628
5085474201,174284024754,174284025139
5090642175,174289192631,174289193014
5095809706,174294360065,174294360454
5100977265,174299527527,174299527913
5106145106,174304695272,174304695652
5111312612,174309862681,174309863071
5116480121,174315030093,174315030484
5121647685,174320197560,174320197947
5126815208,174325364986,174325365376
5131982622,174330532304,174330532683
5137150114,174335699699,174335700091
5142317604,174340867092,174340867484
5147485660,174346035051,174346035446
5152653200,174351202495,174351202890
5157820692,174356369890,174356370288
5162988595,174361537696,174361538096
5168156597,174366705601,174366706002
5173324644,174371873551,174371873955
5178492208,174377041019,174377041423
5183661065,174382209779,174382209982
5188829459,174387378076,174387378252
5193997112,174392545632,174392546037
5199164636,174397713059,174397713468
5204332690,174402881017,174402881427
5209500749,174408048979,174408049394
5214668637,174413216770,174413217178
5219836661,174418384697,174418385108
5225004653,174423552593,174423552990
5230172628,174428720471,174428720870
5235340184,174433887930,174433888346
5240508128,174439055777,174439056193
5245676673,174444224225,174444224503
5250844746,174449392202,174449392606
5256012621,174454559980,174454560400
5261180201,174459727463,174459727880
5266347733,174464894898,174464895316
5271515614,174470062682,174470063105
5276683136,174475230108,174475230530
5281851121,174480397996,174480398421
5287018716,174485565494,174485565921
5292186233,174490732914,174490733340
5297354152,174495900737,174495901163
5302521619,174501068107,174501068522
5307689144,174506235535,174506235968
5312857198,174511403492,174511403926
5318025210,174516571407,174516571841
5323192749,174521738850,174521739278
5328360587,174526906591,174526907023
5333529445,174532075352,174532075562
5338697144,174537242954,174537243388
5343865191,174542410904,174542411336
5349033217,174547578834,174547579273
5354201103,174552746623,174552747060
5359368597,174557914020,174557914457
5364536103,174563081429,174563081867
5369704129,174568249358,174568249797
5374871746,174573416879,174573417326
5380039621,174578584657,174578585103
5385207098,174583752037,174583752479
5390375097,174588919939,174588920384
5395543200,174594087946,174594088394
5400711191,174599255840,174599256287
5405879265,174604423817,174604424263
5411048047,174609592502,174609592694
5416215605,174614759963,174614760415
5421383097,174619927359,174619927809
5426550693,174625094858,174625095314
5431718709,174630262777,174630263232
5436886222,174635430193,174635430649
5442054145,174640598019,174640598479
5447222137,174645765915,174645766369
5452390112,174650933793,174650934250
5457557692,174656101276,174656101741
5462725780,174661269267,174661269730
5467893604,174666436995,174666437456
5473061137,174671604431,174671604881
5478228605,174676771802,174676772269
5483396200,174681939300,174681939767
5488564234,174687107237,174687107703
5493733033,174692275940,174692276176
5498900596,174697443406,174697443880
5504068595,174702611308,174702611777
5509236200,174707778816,174707779286
5514403700,174712946219,174712946694
5519571603,174718114026,174718114502
5524739121,174723281447,174723281919
5529906634,174728448863,174728449338
5535074660,174733616792,174733617271
5540242734,174738784769,174738785249
5545410733,174743952672,174743953154
5550578644,174749120486,174749120950
5555746733,174754288478,174754288943
5560914652,174759456300,174759456771
5566082187,174764623739,174764624224
5571249734,174769791189,174769791671
5576418515,174774959873,174774960128
5581586113,174780127374,174780127859
5586753724,174785294888,174785295378
5591921683,174790462751,174790463242
5597089740,174795630711,174795631203
5602257596,174800798470,174800798957
5607425596,174805966373,174805966864
5612593606,174811134286,174811134781
5617761194,174816301778,174816302274
5622928725,174821469212,174821469711
5628097515,174826637905,174826638170
5633265930,174831806223,174831806489
5638433589,174836973786,174836974285
5643601612,174842141712,174842142213
5648769194,174847309197,174847309700
5653936773,174852476679,174852477180
5659104627,174857644436,174857644923
5664272089,174862811802,174862812300
5669439620,174867979236,174867979742
5674607201,174873146720,174873147228
5679775216,174878314638,174878315144
5684942613,174883481938,174883482446
5690110605,174888649834,174888650344
5695278121,174893817253,174893817761
5700446103,174898985138,174898985648
5705613741,174904152679,174904153195
5710781800,174909320642,174909321152
5715949748,174914488493,174914488990
5721117629,174919656277,174919656777
5726285089,174924823640,174924824158
5731452692,174929991146,174929991665
5736620192,174935158550,174935159070
5741788145,174940326406,174940326928
5746956096,174945494260,174945494781
5752124095,174950662162,174950662685
5757292097,174955830067,174955830589
5762459693,174960997567,174960998092
5767627681,174966165458,174966165870
5772796540,174971334220,174971334522
5777964097,174976501680,174976502209
5783131604,174981669090,174981669618
5788299693,174986837083,174986837613
5793467700,174992004993,174992005528
5798635153,174997172349,174997172872
5803803152,175002340251,175002340765
5808971255,175007508258,175007508776
5814139175,175012676081,175012676600
5819306717,175017843526,175017844064
5824474700,175023011412,175023011952
5829642621,175028179236,175028179778
5834810612,175033347131,175033347674
5839978113,175038514535,175038515082
5845146193,175043682518,175043683061
5850314232,175048850460,175048851003
5855483016,175054019147,175054019456
5860650620,175059186655,175059187200
5865818201,175064354139,175064354687
5870986112,175069521953,175069522503
5876153723,175074689467,175074690021
5881321597,175079857245,175079857798
5886489134,175085024685,175085025237
5891657152,175090192606,175090193158
5896825203,175095360560,175095361114
5901992709,175100527969,175100528514
5907160273,175105695437,175105695995
5912328105,175110863172,175110863728
5917495594,175116030564,175116031124
5922663137,175121198010,175121198574
5927831200,175126365976,175126366541
5932998740,175131533420,175131533989
5938166597,175136701180,175136701747
5943334160,175141868646,175141869212
5948502120,175147036509,175147037072
5953670145,175152204438,175152205005
5958837700,175157371896,175157372466
5964006652,175162540751,175162541056
5969175453,175167709455,175167709794
5974343099,175172877004,175172877575
5979510692,175178044501,175178045074
5984678717,175183212429,175183212990
5989846749,175188380364,175188380926
5995014756,175193548274,175193548835
6000182629,175198716050,175198716614
6005350113,175203883438,175203884015
6010518096,175209051324,175209051900
6015685707,175214218838,175214219424
6020853258,175219386292,175219386872
6026021152,175224554089,175224554669
6031189099,175229721940,175229722526
6036356668,175234889412,175234890004
6041524724,175240057371,175240057962
6046692709,175245225259,175245225851
6051860613,175250393067,175250393658
6057028166,175255560523,175255561110
6062196127,175260728387,175260728963
6067364123,175265896286,175265896869
6072531709,175271063775,175271064368
6077699773,175276231743,175276232336
6082867660,175281399533,175281400132
6088036460,175286568236,175286568578
6093204115,175291735794,175291736391
6098372201,175296903783,175296904381
6103540224,175302071710,175302072311
6108708169,175307239558,175307240159
6113876151,175312407443,175312408046
6119044105,175317575300,175317575903
6124211692,175322742790,175322743396
6129379209,175327910211,175327910816
6134547095,175333078000,175333078605
6139714653,175338245461,175338246073
6144882710,175343413421,175343414034
6150050605,175348581220,175348581829
6155218207,175353748725,175353749340
6160386289,175358916710,175358917322
6165554214,175364084538,175364085148
6170722153,175369252380,175369252977
6175890233,175374420364,175374420962
6181058233,175379588267,175379588870
6186226257,175384756194,175384756790
6191394945,175389924785,175389925143
6196562628,175395092371,175395092973
6201730659,175400260306,175400260906
6206898669,175405428219,175405428823
6212066240,175410595693,175410596314
6217233629,175415762985,175415763612
6222401604,175420930863,175420931482
6227569112,175426098275,175426098897
6232737144,175431266210,175431266836
6237904725,175436433694,175436434323
6243072763,175441601635,175441602267
6248240613,175446769389,175446770017
6253409436,175451938115,175451938516
6258577103,175457105685,175457106313
6263745217,175462273702,175462274332
6268913265,175467441653,175467442284
6274081113,175472609405,175472610039
6279249099,175477777294,175477777929
6284416597,175482944695,175482945336
6289584732,175488112733,175488113374
6294753621,175493281525,175493281939
6299922468,175498450276,175498450688
6305090121,175503617832,175503618471
6310258114,175508785728,175508786369
6315426209,175513953726,175513954370
6320594238,175519121658,175519122304
6325762208,175524289532,175524290178
6330930209,175529457436,175529458082
6336098136,175534625266,175534625917
6341265716,175539792749,175539793400
6346433749,175544960686,175544961340
6351601685,175550128525,175550129176
6356769684,175555296427,175555297084
6361938470,175560465116,175560465542
6367106605,175565633154,175565633811
6372274280,175570800733,175570801390
6377442295,175575968651,175575969305
6382610151,175581136410,175581137070
6387778151,175586304313,175586304956
6392946145,175591472210,175591472852
6398114239,175596640208,175596640855
6403283170,175601809042,175601809474
6408451097,175606976872,175606977537
6413618643,175612144321,175612144964
6418786661,175617312242,175617312895
6423954209,175622479694,175622480364
6429121748,175627647136,175627647807
6434289589,175632814880,175632815550
6439457113,175637982307,175637982977
6444625152,175643150250,175643150921
6449793201,175648318202,175648318877
6454961240,175653486144,175653486816
6460129897,175658654704,175658655151
6465297637,175663822347,175663823023
6470465604,175668990218,175668990899
6475633732,175674158249,175674158930
6480801716,175679326136,175679326818
6485969613,175684493936,175684494622
6491137094,175689661320,175689662004
6496304596,175694828726,175694829413
6501472127,175699996160,175699996831
6506639710,175705163646,175705164336
6511807741,175710331580,175710332264
6516975716,175715499458,175715500149
6522143675,175720667321,175720668013
6527311637,175725835186,175725835880
6532479219,175731002671,175731003359
6537647233,175736170588,175736171280
6542815983,175741339242,175741339696
6547983677,175746506839,175746507535
6553151603,175751674668,175751675365
6558319613,175756842581,175756843279
6563487710,175762010581,175762011278
6568655757,175767178532,175767179234
6573823613,175772346291,175772346997
6578991620,175777514201,175777514908
6584159111,175782681595,175782682300
6589326717,175787849104,175787849814
6594494723,175793017014,175793017725
6599662613,175798184807,175798185516
6604830153,175803352250,175803352953
6609998160,175808520160,175808520857
6615166225,175813688128,175813688828
6620334231,175818856038,175818856741
6625503041,175824024751,175824025210
6630670645,175829192258,175829192959
6635838763,175834360279,175834360982
6641006669,175839528089,175839528793
6646174740,175844696063,175844696765
6651342789,175849864015,175849864714
6656510595,175855031724,175855032448
6661678645,175860199677,175860200401
6666846716,175865367652,175865368381
6672014193,175870535032,175870535756
6677181754,175875702496,175875703224
6682350380,175880871025,175880871520
6687518103,175886038651,175886039382
6692685629,175891206081,175891206813
6697853693,175896374048,175896374786
6703021723,175901541981,175901542711
6708189605,175906709766,175906710497
6713357113,175911877177,175911877911
6718524596,175917044564,175917045302
6723692669,175922212540,175922213278
6728860231,175927380005,175927380729
6734028129,175932547806,175932548525
6739195612,175937715193,175937715936
6744363097,175942882581,175942883321
6749530587,175948049974,175948050719
6754698200,175953217490,175953218235
6759865764,175958384957,175958385707
6765033604,175963552701,175963553448
6770201605,175968720605,175968721351
6775369701,175973888604,175973889355
6780538171,175979056977,175979057605
6785706225,175984224934,175984225689
6790874167,175989392780,175989393535
6796042105,175994560621,175994561371
6801209636,175999728055,175999728795
6806377200,176004895522,176004896281
6811545219,176010063445,176010064200
6816714104,176015232233,176015232733
6821882515,176020400547,176020401055
6827050120,176025568055,176025568801
6832218130,176030735968,176030736716
6837386258,176035904000,176035904753
6842554257,176041071902,176041072652
6847722128,176046239676,176046240443
6852890209,176051407660,176051408433
6858058105,176056575459,176056576229
6863225700,176061742958,176061743732
6868393257,176066910418,176066911192
6873561083,176072078147,176072078919
6878728652,176077245619,176077246397
6883896637,176082413507,176082414285
6889064200,176087580974,176087581753
6894231734,176092748411,176092749187
6899400461,176097917041,176097917593
6904568881,176103085364,176103085913
6909736611,176108252998,176108253779
6914904170,176113420460,176113421248
6920072216,176118588409,176118589195
6925240297,176123756393,176123757178
6930408121,176128924120,176128924894
6935575668,176134091571,176134092362
6940743638,176139259444,176139260240
6945911225,176144426934,176144427726
6951078748,176149594360,176149595153
6956246589,176154762104,176154762900
6961414097,176159929516,176159930312
6966582921,176165098243,176165098809
6971750699,176170265924,176170266722
6976918724,176175433852,176175434655
6982086103,176180601135,176180601936
6987253597,176185768532,176185769337
6992421137,176190935975,176190936758
6997589153,176196103894,176196104681
7002757274,176201271918,176201272700
7007925321,176206439869,176206440652
7013093127,176211607578,176211608385
7018261096,176216775450,176216776259
7023428637,176221942894,176221943703
7028596203,176227110363,176227111176
7033764240,176232278304,176232279118
7038932208,176237446175,176237446992
7044100177,176242614047,176242614861
7049268097,176247781870,176247782684
7054437019,176252950695,176252951285
7059604717,176258118297,176258119115
7064772620,176263286103,176263286924
7069940112,176268453498,176268454317
7075107611,176273620900,176273621723
7080275130,176278788323,176278789143
7085442741,176283955837,176283956650
7090610596,176289123595,176289124420
7095778206,176294291108,176294291933
7100946151,176299458956,176299459782
7106114106,176304626815,176304627643
7111281723,176309794335,176309795170
7116449225,176314961740,176314962570
7121617145,176320129563,176320130393
7126785152,176325297473,176325298306
7131953105,176330465330,176330466165
7137121201,176335633329,176335634166
7142288732,176340800763,176340801602
7147457396,176345969330,176345969938
7152626001,176351137839,176351138455
7157793700,176356305441,176356306287
7162961627,176361473271,176361474118
7168129694,176366641241,176366642087
7173297239,176371808689,176371809533
7178465105,176376976459,176376977304
7183633147,176382144404,176382145249
7188801250,176387312410,176387313262
7193969249,176392480312,176392481161
7199137257,176397648223,176397649073
7204305136,176402816006,176402816844
7209472588,176407983361,176407984215
7214640138,176413150814,176413151667
7219808170,176418318749,176418319603
7224975733,176423486215,176423487075
7230143766,176428654152,176428655008
7235311604,176433821893,176433822758
7240479605,176438989797,176438990658
7245647716,176444157811,176444158677
7250815708,176449325707,176449326569
7255983763,176454493665,176454494532
7261151597,176459661402,176459662266
7266319606,176464829314,176464830178
7271487590,176469997201,176469998066
7276655645,176475165160,176475166027
7281823224,176480332642,176480333511
7286991675,176485500996,176485501635
7292160389,176490669613,176490670253
7297328112,176495837239,176495838109
7302496112,176501005143,176501006015
7307664201,176506173135,176506174008
7312832232,176511341069,176511341946
7318000105,176516508845,176516509719
7323167619,176521676262,176521677140
7328335137,176526843684,176526844547
7333503135,176532011585,176532012462
7338670708,176537179061,176537179942
7343838788,176542347044,176542347926
7349006653,176547514813,176547515689
7354174614,176552682677,176552683555
7359342629,176557850595,176557851481
7364510241,176563018110,176563018994
7369679083,176568186855,176568187505
7374847541,176573355217,176573355875
7380015129,176578522708,176578523594
7385183089,176583690571,176583691458
7390351222,176588858607,176588859491
7395519233,176594026521,176594027410
7400687185,176599194377,176599195265
7405855216,176604362311,176604363201
7411023219,176609530217,176609531113
7416191128,176614698029,176614698919
7421358717,176619865521,176619866420
7426526636,176625033344,176625034240
7431694604,176630201215,176630202110
7436862184,176635368698,176635369598
7442030113,176640536530,176640537432
7447197741,176645704062,176645704949
7452365754,176650871978,176650872864
7457533645,176656039772,176656040657
7462701643,176661207673,176661208558
7467869749,176666375682,176666376565
7473037708,176671543545,176671544455
7478205248,176676710988,176676711890
7483374033,176681879676,176681880327
7488542452,176687047998,176687048649
7493710123,176692215572,176692216482
7498878145,176697383498,176697384407
7504045718,176702550974,176702551888
7509213265,176707718424,176707719340
7514381097,176712886159,176712887070
7519548605,176718053571,176718054485
7524716627,176723221496,176723222414
7529884709,176728389481,176728390398
7535053596,176733558271,176733558957
7540221929,176738726507,176738727197
7545389610,176743894092,176743895010
7550557604,176749061989,176749062905
7555725203,176754229491,176754230410
7560893240,176759397431,176759398354
7566061187,176764565281,176764566199
7571229161,176769733159,176769734080
7576397095,176774900996,176774901916
7581564619,176780068423,176780069349
7586732265,176785235972,176785236870
7591900328,176790403938,176790404837
7597068257,176795571771,176795572680
7602236129,176800739546,176800740471
7607404094,176805907414,176805908338
7612571693,176811074916,176811075848
7617739225,176816242352,176816243276
7622906612,176821409642,176821410574
7628074603,176826577536,176826578469
7633242619,176831745455,176831746386
7638410174,176836912913,176836913852
7643578195,176842080838,176842081773
7648746629,176847249175,176847249880
7653914166,176852416615,176852417552
7659082105,176857584457,176857585395
7664249668,176862751923,176862752848
7669417202,176867919361,176867920297
7674585249,176873087311,176873088249
7679753139,176878255104,176878256040
7684921190,176883423058,176883424001
7690089089,176888590860,176888591803
7695256684,176893758359,176893759305
7700424725,176898926303,176898927248
7705592804,176904094285,176904095203
7710760708,176909262092,176909263044
7715928692,176914429980,176914430928
7721096588,176919597779,176919598728
7726264193,176924765287,176924766235
7731433095,176929934092,176929934809
7736601397,176935102297,176935103023
7741769211,176940270015,176940270967
7746937217,176945437924,176945438874
7752105192,176950605802,176950606758
7757272707,176955773220,176955774176
7762440113,176960940529,176960941484
7767607636,176966107956,176966108894
7772775683,176971275906,176971276851
7777943644,176976443770,176976444716
7783111202,176981611231,176981612188
7788279233,176986779166,176986780126
7793447142,176991946978,176991947938
7798615105,176997114844,176997115808
7803783161,177002282803,177002283766
7808951106,177007450651,177007451496
7814118742,177012618191,177012619151
7819286605,177017785957,177017786923
7824454150,177022953405,177022954370
7829622122,177028121280,177028122251
7834789707,177033288768,177033289741
7839957733,177038456698,177038457671
7845125613,177043624481,177043625457
7850293653,177048792424,177048793400
7855461651,177053960325,177053961302
7860629241,177059127818,177059128786
7865797601,177064296082,177064296961
7870965668,177069464052,177069465030
7876133629,177074631916,177074632883
7881301621,177079799811,177079800775
7886469192,177084967286,177084968265
7891637193,177090135190,177090136172
7896804694,177095302594,177095303582
7901972596,177100470399,177100471384
7907140137,177105637843,177105638832
7912308096,177110805706,177110806691
7917475701,177115973214,177115974206
7922643715,177121141131,177121142122
7927811630,177126308949,177126309938
7932979716,177131476938,177131477928
7938147637,177136644763,177136645761
7943315241,177141812270,177141813263
7948483230,177146980162,177146981156
7953651995,177152148830,177152149592
7958819651,177157316389,177157317388
7963987741,177162484383,177162485380
7969155637,177167652182,177167653183
7974323240,177172819688,177172820675
7979491281,177177987632,177177988613
7984659113,177183155368,177183156368
7989827137,177188323295,177188324294
7994995112,177193491173,177193492175
8000162708,177198658672,177198659676
8005330208,177203826075,177203827081
8010498097,177208993868,177208994873
8015665740,177214161414,177214162417
8020833669,177219329246,177219330253
8026001685,177224497165,177224498174
8031169716,177229665099,177229666111
8036337605,177234832892,177234833902
8041505087,177240000277,177240001287
8046673201,177245168294,177245169307
8051841167,177250336163,177250337176
8057008757,177255503657,177255504656
8062177196,177260671999,177260672878
8067345121,177265839827,177265840828
8072512588,177271007197,177271008215
8077680121,177276174633,177276175652
8082847716,177281342132,177281343152
8088015693,177286510012,177286511033
8093183105,177291677327,177291678345
8098350597,177296844722,177296845743
8103518119,177302012147,177302013173
8108686226,177307180158,177307181179
8113854241,177312348076,177312349102
8119022676,177317516414,177317517179
8124191404,177322685045,177322685846
8129359103,177327852647,177327853679
8134526619,177333020067,177333021100
8139694241,177338187592,177338188612
8144862280,177343355534,177343356550
8150030095,177348523252,177348524284
8155197603,177353690664,177353691701
8160365121,177358858085,177358859122
8165532710,177364025577,177364026620
8170700717,177369193487,177369194528
8175868693,177374361366,177374362408
8181037490,177379530067,177379530876
8186205105,177384697585,177384698627
8191373193,177389865576,177389866617
8196541216,177395033502,177395034545
8201709113,177400201302,177400202346
8206877120,177405369213,177405370258
8212045104,177410537100,177410538147
8217213103,177415705002,177415706050
8222380699,177420872501,177420873551
8227548289,177426039995,177426041043
8232716152,177431207761,177431208796
8237884161,177436375673,177436376709
8243052145,177441543560,177441544594
8248219717,177446711035,177446712091
8253387741,177451878963,177451880022
8258555604,177457046729,177457047788
8263723111,177462214139,177462215197
8268891201,177467382132,177467383192
8274058979,177472549813,177472550797
8279226725,177477717463,177477718528
8284394589,177482885230,177482886290
8289562121,177488052665,177488053729
8294729692,177493220139,177493221203
8299897676,177498388027,177498389093
8305065250,177503555504,177503556558
8310233249,177508723406,177508724474
8315401129,177513891189,177513892256
8320569104,177519059067,177519060137
8325736804,177524226671,177524227740
8330904708,177529394478,177529395552
8336072217,177534561890,177534562961
8341239605,177539729181,177539730258
8346407137,177544896616,177544897690
8351575120,177550064503,177550065581
8356743155,177555232441,177555233519
8361910772,177560399961,177560401043
8367079637,177565568729,177565569582
8372247929,177570736924,177570737773
8377415589,177575904488,177575905571
8382583134,177581071936,177581073017
8387751225,177586239930,177586241012
8392918723,177591407331,177591408422
8398086597,177596575109,177596576196
8403254112,177601742527,177601743615
8408421590,177606909908,177606911000
8413589104,177612077325,177612078414
8418756693,177617244817,177617245910
8423924611,177622412639,177622413734
8429092136,177627580067,177627581158
8434259637,177632747471,177632748552
8439427723,177637915460,177637916544
8444595685,177643083326,177643084422
8449763281,177648250825,177648251918
8454931208,177653418655,177653419751
8460099113,177658586463,177658587554
8465266604,177663753857,177663754960
8470434603,177668921760,177668922859
8475602209,177674089269,177674090371
8480770121,177679257084,177679258187
8485937699,177684424565,177684425669
8491105598,177689592367,177689593473
8496273607,177694760280,177694761385
8501441248,177699927824,177699928911
8506609226,177705095705,177705096804
8511778025,177710264407,177710265283
8516946128,177715432413,177715433528
8522114096,177720600285,177720601392
8527281636,177725767728,177725768829
8532449193,177730935188,177730936300
8537617248,177736103146,177736104260
8542785119,177741270921,177741272035
8547953113,177746438818,177746439934
8553121104,177751606712,177751607829
8558288686,177756774197,177756775320
8563457595,177761943009,177761943900
8568625897,177767111215,177767112104
8573793627,177772278848,177772279974
8578961146,177777446270,177777447393
8584128684,177782613711,177782614837
8589296725,177787781655,177787782784
8594464587,177792949421,177792950546
8599632082,177798116819,177798117945
8604799724,177803284364,177803285499
8609967627,177808452170,177808453297